time,danmu
6.03400,《505》
5.76600,直接拿翻哈哈哈哈
8.31100,好家伙，这是放了多久啊
11.74100,偷喝奶茶中招了吧
7.32100,啊，还我奶茶！！！
11.18400,505不是5楼吗
3.58400,天太热了
7.17200,比毒鸡汤还要毒
9.17100,哈哈哈
9.62700,请问哪里暖心了呢
3.16400,明明演示提醒，非得批抨，明明很暖心
9.23600,原视频，上沙的
6.99900,这是1楼
14.00000,哈哈，也太搞笑了吧
