time,danmu
0.92000,刘谋没有错，他只是在奋起反击
6.05900,小马默默低头不吭声
0.98000,10弹幕6633赞
13.80100,经典嘲笑下山的神
16.61600,跟半仙比好多了
10.37700,谁在笑啊
13.26000,你笑什么，啊?
10.68900,那个女的是谁？
14.61500,pdd助理
6.54500,1
