time,danmu
33.37900,都说做生意的肯定是马云了
81.87600,阿伟已经死了你挑的嘛偶像
76.63900,段坤我吃定了，耶稣也留不住，我说的
75.59900,阿伟已经死了，你挑的嘛偶像
22.97900,加油
84.02100,阿伟笑尿了
80.64000,全体起立
71.97900,播主机得了
36.85900,马彦毅
54.26600,马彦毅
57.50800,一条龙
42.77200,上单超神马都不知道吗
13.57300,马飞飞？！
29.73200,小马是谁？马化腾？
9.35300,还小马？马总！
23.17800,有没有发现最近的网络环境有股大大的膻味儿？
76.60100,卢本伟
50.35100,马彦毅
17.02400,马飞飞？
86.39100,我麻爷不谈？
