time,danmu
33.93200,啊
39.82200,CCTV6
35.06900,这就去试试
4.51900,你会上b站（dog）
33.09900,公主
10.06000,六公主直播我就说了句话 她就问我为什么还没关注她╮(￣⊿￣)╭
28.87500,哈哈哈哈
24.45900,Haha
25.18300,我也去玩一下
7.49900,危
24.99800,呃。。。
23.27100,为什么我没有呢
2.94100,危
32.50900,懂了这就去关注
25.39700,这么好，我也试试
8.27000,好好的，干嘛作死呢？
