time,danmu
26.32400,霞弹枪
32.20700,哈哈哈哈哈哈哈哈
16.72200,PDD
13.57100,吉普赛
17.43900,哈哈哈哈哈哈哈哈哈哈哈
24.51100,血吸鬼
31.86400,吉普赛人
20.84500,柬埔寨
11.53700,永远的忍着具足[调皮]
35.02400,哈哈哈哈哈哈哈哈
30.15900,哈哈
31.67300,哈哈哈
25.58800,哈哈哈哈哈哈
39.39800,&amp;
40.01600,人均小学文凭
40.01600,讲到底，就是吃了没文化的亏。
24.42100,吃了没文化的亏
