time,danmu
30.26500,夺笋呐
30.60900,夺笋呐
11.25700,夺笋呐
30.01900,如果是解放军占领巴黎也好啊
16.79600,夺笋呐
9.66200,最近东京审判播的可勤了
32.13900,哈哈哈哈哈这个可以
0.71800,六公主棒棒哒！
26.90300,草
37.57000,六公主
25.49900,哈哈哈哈哈哈哈哈哈
0.69400,奥运会放东京审判呢
10.81600,想知道bgm
31.23600,六公主yyds
27.07900,好
7.25400,哈哈
28.67900,蚌埠住了
34.87900,老阴阳人了6公主
