time,danmu
4.35400,这个小表情~~爱了爱了~~哈哈哈
0.54500,科普一下 是歇后语
17.70600,《打着了》
4.43100,不至于，不至于
12.85800,明察秋毫
15.43000,就喜欢这种较真的
20.02500,和圆脸颖学的
14.69900,就离谱。
13.29900,八竿指的不是这个
15.21300,梁老师？
16.73700,杆子不标准
